{
	"type": "origins:modify_damage_taken",
	"damage_condition":
	{
		"type": "origins:or",
		"conditions":
		[
			{
				"type": "origins:projectile",
				"projectile": "minecraft:arrow"
			},
			{
				"type": "origins:attacker",
				"entity_condition":
				{
					"type": "origins:equipped_item",
					"equipment_slot": "mainhand",
					"item_condition":
					{
						"type": "origins:ingredient",
						"ingredient":
						{
							"tag": "tuco:hazekiller_weapons"
						}
					}
				}
			}
		]
	},
	"modifier":
	{
		"operation": "addition",
		"value": 3
	}
}
